-- popolamento

INSERT INTO Docente (cf, nome, cognome, email, telefono) VALUES
('PZZCRL99P15L219X', 'Carla', 'Piazza', 'a.piazza@stud.it', '+392345437687'),
('RSSMRA80A01H501U', 'Mario', 'Rossi', 'mario.rossi@uniud.it', '+390612345673'),
('BNCGNN75T10F205Z', 'Giovanna', 'Bianchi', 'g.bianchi@uniud.it', '0298765432'),
('VRDLCU82P15L219X', 'Luca', 'Verdi', 'l.verdi@uniud.it', '3331234567'),
('GLLFRC70E20H501A', 'Federica', 'Gialli', 'f.gialli@uniud.it', '+390817654321'),
('NRSMRA65M12L117D', 'Maria', 'Neri', 'm.neri@uniud.it', '0112233445'),
('BRBDRN88S04H501Q', 'Adriano', 'Barba', 'a.barba@uniud.it', '3471122334'),
('CRSRRT77B14F205P', 'Roberto', 'Corso', 'r.corso@uniud.it', '0519988776'),
('LBRFNC90D22H501L', 'Francesca', 'Libri', 'f.libri@uniud.it', '+393391234567'),
('MNTLRA85H08L219K', 'Laura', 'Monti', 'l.monti@uniud.it', '0105566778'),
('SLVSTR72A01F205W', 'Stefano', 'Silvestri', 's.silvestri@uniud.it', '0699001122'),
('FRRMRC78L12F205S', 'Marco', 'Ferrari', 'm.ferrari@uniud.it', '+390212343567'),
('RSSSRA82P15H501V', 'Sara', 'Russo', 'sara.russo@uniud.it', '+390119988776'),
('GLIAND88S04L219R', 'Andrea', 'Galli', 'a.galli@uniud.it', '+393043381188'),
('CRSRRT75M12F205T', 'Rita', 'Corso', 'rit.corso@uniud.it', '+390501667788'),
('BRNMTT90D22H501N', 'Mattia', 'Bruno', 'm.bruno@uniud.it', '0493344556'),
('VLLFNC84A01L219J', 'Francesca', 'Villa', 'f.villa@uniud.it', '+390433776655'),
('RZZGNN79T10F205K', 'Giovanni', 'Rizzo', 'g.rizzo@uniud.it', '+390815542433'),
('LOMMRA81H08H501X', 'Maria', 'Lombardi', 'm.lombardi@uniud.it', '0382112233'),
('PSTSTF73A01F205Q', 'Stefano', 'Pasti', 's.pasti@uniud.it', '0559988112');

START TRANSACTION;
INSERT INTO Corso_di_Laurea (nome, n_iscritti, responsabile) VALUES 
('Informatica', 0, 'PZZCRL99P15L219X'),
('Internet of Things, Big Data, Machine Learning', 0, 'PZZCRL99P15L219X'),
('Tecnologie digitali e comunicazione per le industrie creative', 0, 'VRDLCU82P15L219X'),
('Fisica', 0, 'GLLFRC70E20H501A'),
('Matematica', 0, 'NRSMRA65M12L117D'),
('Artificial Intelligence & Cybersecurity', 0, 'BRBDRN88S04H501Q');

INSERT INTO Corso (nome, corso_di_laurea, docente) VALUES 
('Basi di Dati', 'Informatica', 'PZZCRL99P15L219X'),
('Programmazione', 'Informatica', 'SLVSTR72A01F205W'),
('Ingegneria Software', 'Informatica', 'RSSMRA80A01H501U'),
('Analisi', 'Informatica', 'SLVSTR72A01F205W'),
('Informatica per l''Industria Creativa', 'Tecnologie digitali e comunicazione per le industrie creative', 'SLVSTR72A01F205W'),
('Logica', 'Informatica', 'SLVSTR72A01F205W'),
('Calcolo Scientifico', 'Informatica', 'RSSMRA80A01H501U'),
('Architettura', 'Informatica', 'RSSMRA80A01H501U'),
('Analisi ', 'Informatica', 'NRSMRA65M12L117D'),
('Matematica e Statistica', 'Tecnologie digitali e comunicazione per le industrie creative', 'VRDLCU82P15L219X'),
('Sociologia della comunicazione', 'Tecnologie digitali e comunicazione per le industrie creative', 'VLLFNC84A01L219J'),
('Dinamica', 'Fisica', 'GLLFRC70E20H501A'),
('Geometria', 'Matematica', 'NRSMRA65M12L117D'),
('Logica', 'Matematica', 'NRSMRA65M12L117D'),
('Advanced topics in AI I', 'Artificial Intelligence & Cybersecurity', 'BRBDRN88S04H501Q'),
('Analisi Numerica', 'Matematica', 'CRSRRT77B14F205P'),
('Deep learning', 'Artificial Intelligence & Cybersecurity', 'LBRFNC90D22H501L'),
('Machine Learning', 'Internet of Things, Big Data, Machine Learning', 'MNTLRA85H08L219K'),
('Basi di Dati', 'Internet of Things, Big Data, Machine Learning', 'PZZCRL99P15L219X');

INSERT INTO Edificio (nome, indirizzo, telefono, corso_di_laurea) VALUES
('Rizzi', 'Via delle Scienze, 206', '0611122233', 'Informatica'),
('Aule Feruglio', 'Via delle Scienze, 212, piano 0', '0644455566', 'Informatica'),
('Edificio A', 'Via Roma, 10, piano 0', '0433898298', 'Fisica'),
('Edificio B', 'Largo Leonardo, 1, piano -1', '0432455566', 'Fisica'),
('Edificio C', 'Piazza Newton, 5, piano 0', '0212345678', 'Fisica'),
('Edificio Le Aquile', 'Corso Pasteur, 8', '0115566778', 'Tecnologie digitali e comunicazione per le industrie creative'),
('Edificio Copernico', 'Piazza Provola, 8, piano 1', '0115566738', 'Tecnologie digitali e comunicazione per le industrie creative'),
('Edificio Torre', 'Corso Carducci, 28', '4534576435', 'Internet of Things, Big Data, Machine Learning'),
('Polo Giuliano', 'Largo Ippocrate, 2, piano -1', '0677889900', 'Matematica'),
('Villa Mirafiori', 'Via Aristotele, 45, piano 0', '0644332211', 'Matematica'),
('Torre Archimede', 'Piazza Pitagora, 1, piano 1', '0498877665', 'Matematica'),
('Edificio Conte', 'Via Cogito, 1, piano 0', '2340987894', 'Artificial Intelligence & Cybersecurity');

INSERT INTO Aula (nome, edificio, piano, num_posti) VALUES 
('C1', 'Rizzi', -1, 200),
('C2', 'Rizzi', -1, 140),
('C3', 'Rizzi', -1, 300),
('C4', 'Rizzi', -1, 250),
('E-20', 'Edificio Conte', 2, 240),
('E-21', 'Edificio Conte', 2, 240),
('E-22', 'Edificio Conte', 2, 240),
('Aula Magna', 'Edificio Le Aquile', 0, 300),
('Aula Big', 'Edificio Le Aquile', 0, 300),
('Aula Small', 'Edificio Le Aquile', 0, 300),
('Alpha', 'Aule Feruglio', 0, 300),
('Beta', 'Aule Feruglio', 0, 200),
('Gamma', 'Aule Feruglio', 0, 300),
('Aula 1', 'Edificio A', 2, 200),
('Aula 2', 'Edificio A', 2, 200),
('Aula 3', 'Edificio A', 2, 200),
('Aula 4', 'Edificio A', 1, 80),
('Aula 1', 'Edificio Torre', 1, 200),
('Aula 2', 'Edificio Torre', 1, 200),
('Aula 3', 'Edificio Torre', 1, 200),
('Sala 1', 'Villa Mirafiori', 0, 125),
('Sala 4', 'Villa Mirafiori', 0, 100),
('Sala 5', 'Villa Mirafiori', 0, 70),
('Aula 1', 'Edificio B', 1, 80),
('Aula 2', 'Edificio B', 0, 130),
('Aula 3', 'Edificio B', -1, 100),
('Aula 100', 'Edificio C', 1, 80),
('Aula 102', 'Edificio C', 1, 80),
('Aula 101', 'Edificio C', 1, 80),
('Aula Verde', 'Edificio Copernico', 2, 60),
('P1', 'Polo Giuliano', 1, 60),
('P2', 'Polo Giuliano', 1, 60),
('P3', 'Polo Giuliano', 1, 60),
('Aula Informatica 1', 'Torre Archimede', 1, 45),
('Aula Informatica 2', 'Torre Archimede', 1, 45);
COMMIT;

START TRANSACTION;
SET CONSTRAINTS trg_student_must_be_enrolled_ins DEFERRED;

INSERT INTO Studente (cf, nome, cognome, email, matricola) VALUES 
('FRNAND99P15L219X', 'Alessandro', 'Franco', 'a.franco@stud.it', 1001),
('BRTMRA01E20H501A', 'Marta', 'Berti', 'm.berti@stud.it', 1002),
('CRSRST00M12L117D', 'Stefano', 'Crisi', 's.crisi@stud.it', 1003),
('DVLRCC98S04H501Q', 'Riccardo', 'Davoli', 'r.davoli@stud.it', 1004),
('GRCVAL97B14F205P', 'Valentina', 'Greco', 'v.greco@stud.it', 1005),
('LOMFNC96D22H501L', 'Francesco', 'Lombardi', 'f.lombardi@stud.it', 1006),
('MRNAND95H08L219K', 'Andrea', 'Marini', 'a.marini@stud.it', 1007),
('PLMGNN94A01F205W', 'Giovanni', 'Palumbo', 'g.palumbo@stud.it', 1008),
('RZZLRA93T10F205Z', 'Laura', 'Rizzi', 'l.rizzi@stud.it', 1009),
('VLLMRA92A01H501U', 'Marco', 'Villa', 'm.villa@stud.it', 1010),
('BANCRI02E20H501C', 'Cristian', 'Banfi', 'c.banfi@stud.unimi.it', 3001),
('MORLRA98P15L219Z', 'Ilaria', 'Moretti', 'i.moretti@stud.unive.it', 3002),
('GTTSTM00M12L117F', 'Tommaso', 'Gatti', 't.gatti@stud.unibo.it', 3003),
('RSSRCC97S04H501Y', 'Riccardo', 'Russo', 'r.russo@stud.unito.it', 3004),
('FBBVKN96B14F205M', 'Valentina', 'Fabbri', 'v.fabbri@stud.uniroma1.it', 3005),
('LNIFNC95D22H501P', 'Federico', 'Lini', 'f.lini@stud.unipd.it', 3006),
('SNTAND94H08L219T', 'Andrea', 'Santi', 'a.santi@stud.unipi.it', 3007),
('GRDGNN93A01F205U', 'Giovanni', 'Grandi', 'g.grandi@stud.unina.it', 3008),
('MLNLRA92T10F205B', 'Elena', 'Molinari', 'e.molinari@stud.unipv.it', 3009),
('VTTMRA91A01H501L', 'Marta', 'Vetri', 'm.vetri@stud.unifi.it', 3010),
('BRNAND90P15L219Q', 'Alessandro', 'Bruno', 'a.bruno@stud.uniba.it', 3011),
('CASSRA89E20H501D', 'Sara', 'Casadei', 's.casadei@stud.unical.it', 3012),
('DLURST88M12L117G', 'Stefano', 'De Luca', 's.deluca@stud.unime.it', 3013),
('ESPRCC87S04H501W', 'Chiara', 'Esposito', 'c.esposito@stud.unict.it', 3014),
('FRNVAL86B14F205N', 'Valerio', 'Franceschi', 'v.franceschi@stud.unipa.it', 3015),
('GLLFNC85D22H501R', 'Francesca', 'Galli', 'f.galli@stud.uninsubria.it', 3016),
('LMBAND84H08L219V', 'Daniele', 'Lambert', 'd.lambert@stud.univaq.it', 3017),
('MRNGNN83A01F205Z', 'Nicola', 'Marini', 'n.marini@stud.unich.it', 3018),
('NRELCA82T10F205C', 'Alice', 'Neri', 'a.neri@stud.uniurb.it', 3019),
('PLTMRA81A01H501M', 'Marco', 'Pilati', 'm.pilati@stud.unich.it', 3020);

INSERT INTO Iscritto (studente, corso_di_laurea) VALUES
('FRNAND99P15L219X', 'Informatica'),
('BRTMRA01E20H501A', 'Informatica'),
('CRSRST00M12L117D', 'Tecnologie digitali e comunicazione per le industrie creative'),
('DVLRCC98S04H501Q', 'Fisica'),
('GRCVAL97B14F205P', 'Matematica'),
('LOMFNC96D22H501L', 'Artificial Intelligence & Cybersecurity'),
('MRNAND95H08L219K', 'Matematica'),
('MRNAND95H08L219K', 'Fisica'),
('PLMGNN94A01F205W', 'Internet of Things, Big Data, Machine Learning'),
('RZZLRA93T10F205Z', 'Internet of Things, Big Data, Machine Learning'),
('VLLMRA92A01H501U', 'Internet of Things, Big Data, Machine Learning'),
('BANCRI02E20H501C', 'Informatica'),
('MORLRA98P15L219Z', 'Internet of Things, Big Data, Machine Learning'),
('GTTSTM00M12L117F', 'Tecnologie digitali e comunicazione per le industrie creative'),
('RSSRCC97S04H501Y', 'Matematica'),
('FBBVKN96B14F205M', 'Artificial Intelligence & Cybersecurity'),
('LNIFNC95D22H501P', 'Artificial Intelligence & Cybersecurity'),
('SNTAND94H08L219T', 'Fisica'),
('SNTAND94H08L219T', 'Matematica'),
('GRDGNN93A01F205U', 'Matematica'),
('MLNLRA92T10F205B', 'Matematica'),
('VTTMRA91A01H501L', 'Informatica'),
('BRNAND90P15L219Q', 'Informatica'),
('BRNAND90P15L219Q', 'Tecnologie digitali e comunicazione per le industrie creative'),
('CASSRA89E20H501D', 'Tecnologie digitali e comunicazione per le industrie creative'),
('DLURST88M12L117G', 'Internet of Things, Big Data, Machine Learning'),
('ESPRCC87S04H501W', 'Matematica'),
('FRNVAL86B14F205N', 'Informatica'),
('GLLFNC85D22H501R', 'Informatica'),
('LMBAND84H08L219V', 'Fisica'),
('MRNGNN83A01F205Z', 'Fisica'),
('NRELCA82T10F205C', 'Artificial Intelligence & Cybersecurity'),
('PLTMRA81A01H501M', 'Informatica');
COMMIT;

INSERT INTO Lezione (corso, corso_di_laurea, giorno, fascia_oraria, aula, edificio) VALUES 
('Basi di Dati', 'Informatica', '2026-04-13', 'prima', 'C1', 'Rizzi'),
('Basi di Dati', 'Informatica', '2026-02-13', 'prima', 'C2', 'Rizzi'),
('Basi di Dati', 'Informatica', '2026-03-13', 'prima', 'C3', 'Rizzi'),
('Analisi', 'Informatica', '2026-04-13', 'seconda', 'C2', 'Rizzi'),
('Matematica e Statistica', 'Tecnologie digitali e comunicazione per le industrie creative', '2026-04-14', 'terza', 'Aula Big', 'Edificio Le Aquile'),
('Sociologia della comunicazione', 'Tecnologie digitali e comunicazione per le industrie creative', '2026-03-8', 'terza', 'Aula Big', 'Edificio Le Aquile'),
('Informatica per l''Industria Creativa', 'Tecnologie digitali e comunicazione per le industrie creative', '2026-03-8', 'prima', 'Aula Big', 'Edificio Le Aquile'),
('Informatica per l''Industria Creativa', 'Tecnologie digitali e comunicazione per le industrie creative', '2026-03-18', 'seconda', 'Aula Magna', 'Edificio Le Aquile'),
('Sociologia della comunicazione', 'Tecnologie digitali e comunicazione per le industrie creative', '2026-03-9', 'seconda', 'Aula Magna', 'Edificio Le Aquile'),
('Sociologia della comunicazione', 'Tecnologie digitali e comunicazione per le industrie creative', '2026-03-10', 'terza', 'Aula Small', 'Edificio Le Aquile'),
('Matematica e Statistica', 'Tecnologie digitali e comunicazione per le industrie creative', '2026-04-10', 'prima', 'Aula Magna', 'Edificio Le Aquile'),
('Dinamica', 'Fisica', '2026-04-14', 'quarta', 'Aula 1', 'Edificio A'),
('Advanced topics in AI I', 'Artificial Intelligence & Cybersecurity', '2026-04-15', 'prima', 'E-20', 'Edificio Conte'),
('Geometria', 'Matematica', '2026-04-15', 'seconda', 'Sala 1', 'Villa Mirafiori'),
('Calcolo Scientifico', 'Informatica', '2026-04-16', 'quarta', 'C1', 'Rizzi'),
('Basi di Dati', 'Internet of Things, Big Data, Machine Learning', '2026-04-17', 'prima', 'Aula 1', 'Edificio Torre'),
('Logica', 'Matematica', '2026-04-17', 'seconda', 'Sala 5', 'Villa Mirafiori');
